{"cameraMode":{"drawMode":0,"name":"Shaded","section":"Shading Mode"},"sceneLighting":false,"audioPlay":false,"sceneViewState":{"m_AlwaysRefresh":false,"showFog":true,"showSkybox":false,"showFlares":true,"showImageEffects":true,"showParticleSystems":true,"showVisualEffectGraphs":true,"m_FxEnabled":true},"in2DMode":false,"pivot":{"x":0.3311586380004883,"y":7.824285507202148,"z":0.35961055755615237},"rotation":{"x":0.16083423793315888,"y":0.8011171221733093,"z":-0.24694980680942536,"w":0.521172046661377},"size":22.992691040039064,"orthographic":false}