{"cameraMode":{"drawMode":0,"name":"Shaded","section":"Shading Mode"},"sceneLighting":false,"audioPlay":false,"sceneViewState":{"m_AlwaysRefresh":false,"showFog":true,"showSkybox":false,"showFlares":true,"showImageEffects":true,"showParticleSystems":true,"showVisualEffectGraphs":true,"m_FxEnabled":true},"in2DMode":false,"pivot":{"x":0.14102673530578614,"y":6.451943397521973,"z":48.691253662109378},"rotation":{"x":0.16083423793315888,"y":0.8011171221733093,"z":-0.24694980680942536,"w":0.521172046661377},"size":3.6972784996032717,"orthographic":false}