{"cameraMode":{"drawMode":0,"name":"Shaded","section":"Shading Mode"},"sceneLighting":false,"audioPlay":false,"sceneViewState":{"m_AlwaysRefresh":false,"showFog":true,"showSkybox":false,"showFlares":true,"showImageEffects":true,"showParticleSystems":true,"showVisualEffectGraphs":true,"m_FxEnabled":true},"in2DMode":false,"pivot":{"x":-0.3408890962600708,"y":0.4197791814804077,"z":-0.08872964978218079},"rotation":{"x":0.16083423793315888,"y":0.8011171221733093,"z":-0.24694980680942536,"w":0.521172046661377},"size":0.9142202138900757,"orthographic":false}