S.No,Coordinates(X||Z)
1,445.397||338.3717
2,732.6194||1065.858
3,-35.30655||515.641
4,95.92686||1439.007
5,-306.2105||1557.319
6,168.1906||472.7632
7,1568.617||590.7963
8,457.7288||637.1407
9,780.7388||457.4514
10,1071.853||414.8448
11,572.8994||919.3412
